# 제53호 1. 발전설비 추이 — 합계(한전 + 타사) 부분 (kW, 연말). 원본 이미지를 직접 읽어 옮김
year,hydro,steam,ic,nuc,total
1961,143480,222500,1274,-,367254
1962,143480,252500,38064,-,434044
1963,143480,282500,39494,-,465474
1964,143480,414500,39505,-,597485
1965,215480,514500,39505,-,769485
1966,215480,514500,39505,-,769485
1967,300480,514500,102265,-,917245
1968,327480,694500,252265,-,1274245
1969,328680,1054500,252565,-,1635745
1970,328680,1927000,252365,-,2508045
1971,341280,2034500,265265,-,2628045
1972,341080,3284300,246665,-,3872045
1973,621080,3404300,246490,-,4271870
1974,621080,3654300,247560,-,4522940
1975,621080,3854300,244350,-,4719730
1976,711080,3854300,244350,-,4809730
1977,711080,4154300,924800,-,5790180
1978,711730,4692300,924800,587000,6915830
1979,911730,5302300,1231800,587000,8032830
1980,1156730,6412300,1234800,587000,9390830
1981,1201730,6812300,1234350,587000,9835380
1982,1201730,6722300,1114350,1265683,10304063
1983,1201730,8882300,1115550,1915683,13115263
