# 제53호 19. 종별 수용가수 (호, 연말) — 원본 이미지를 직접 읽어 옮김
year,res,str,light,small,large,agr,power,total
1961,770405,380,770785,24702,1720,45,26467,797252
1962,843930,3773,847703,25837,1993,44,27874,875577
1963,928486,1734,930220,27093,2297,43,29433,959653
1964,1040312,3251,1043563,23912,2157,57,26126,1069689
1965,1166917,2991,1169908,28628,219,92,28939,1198847
1966,1294779,3615,1298394,32220,254,95,32569,1330963
1967,1480594,7403,1487997,36903,284,97,37284,1525281
1968,1587864,7008,1594872,40760,334,142,41236,1636108
1969,1727519,7862,1735381,48154,428,139,48721,1784102
1970,1962052,7566,1969618,54937,483,132,55552,2025170
1971,2287412,6726,2294138,60849,531,100,61480,2355618
1972,2511118,18560,2529678,66428,674,132,67234,2596912
1973,2906219,16418,2922637,75228,843,397,76468,2999105
1974,3316273,15265,3331538,94176,1119,860,96155,3427693
1975,3814568,16401,3830969,104565,1281,2005,107851,3938820
1976,4098031,17401,4115432,115713,1507,4642,121862,4237294
1977,4504050,18077,4522127,127985,1774,7393,137152,4659279
1978,4762781,16478,4779259,141344,2234,12318,155896,4935155
1979,5048842,16201,5065043,158744,2671,17310,178725,5243768
1980,5233047,25987,5259034,201545,2890,21360,225795,5484829
1981,5375418,26989,5402407,248296,3225,28413,279934,5682341
1982,5662899,28314,5691213,236064,3561,54308,293933,5985146
1983,5965558,30650,5996208,246799,4268,94355,345422,6341630
