# 제53호 30. 종업원수 (명, 연말) — 원본 이미지 직접 판독
year,office,eng,skilled,total
1961,3116,5775,1204,10093
1962,3245,6041,1433,10719
1963,3166,5991,2012,11169
1964,3193,5890,2632,11715
1965,3209,5793,2979,11981
1966,2790,5012,2407,10209
1967,2850,5271,3121,11242
1968,2873,4921,4374,12168
1969,3292,5327,4364,12983
1970,2985,5106,4349,12440
1971,2762,4865,4313,11940
1972,2467,4894,3851,11212
1973,2614,5362,3653,11629
1974,2941,5673,4478,13092
1975,3012,6084,4863,13959
1976,3014,6816,5158,14988
1977,3322,7377,5231,15930
1978,3756,7844,4976,16576
1979,3871,9366,5387,18624
1980,3703,9546,5277,18526
1981,3992,10012,5575,19579
1982,4188,10904,5757,20849
1983,4276,11266,5882,21424
