# 제54호 p-079/080(1961·1970·1974–1984) 과 제52호 p-078(1973) 원본을 따로 읽은 값 — 모든 칸이 제53호와 같음(1983 영업이익만 제54호 672,730)
year,rev,esale,oth,othop,cost,fuel,pp,labor,retire,maint,fee,dep,othexp,misc,opinc,nonrev,nonexp,interest,lossmisc,ordinc,exinc,exloss,pretax,tax,net
1961,2472,2223,37,212,1921,434,-,359,-,281,2,342,225,278,551,64,132,78,54,483,-,-,483,-,483
1970,49364,49045,319,-,32991,11698,-,5989,2141,2141,1131,6527,-,3364,16373,439,6920,6719,201,9892,-,-,9892,-,9892
1973,90988,90340,296,352,73120,23943,12560,8735,4791,2585,1830,13688,359,4629,17868,967,17063,15878,1185,1772,3270,-,5042,-,5042
1974,150286,149432,364,490,146884,81994,19602,12160,3144,3879,2597,17027,489,5992,3402,904,20838,19988,850,-16532,21448,-,4916,-,4916
1975,287885,286274,892,719,251320,156081,29249,18118,4389,5631,3882,23358,713,9899,36565,1149,25325,24192,1133,12389,4168,277,16280,2217,14063
1976,383366,381288,1182,896,333220,195072,33344,22328,5727,10589,4544,49818,892,10906,50146,1989,26497,25065,1432,25638,3526,241,28923,2934,25989
1977,501391,498042,2239,1110,411499,236254,36103,30098,16970,11663,5650,55027,1147,18587,89892,4666,28334,25434,2900,66224,14509,312,80421,8655,71766
1978,615033,611573,2035,1425,500412,283246,35631,39069,22523,20703,7739,67706,1679,22116,114621,4267,49383,42625,6758,69505,3177,6727,65955,6618,59337
1979,1007256,1001993,3471,1792,736086,415864,46145,47845,30287,26657,10765,114825,2103,41595,271170,4605,81713,68169,13544,194062,1640,43237,152465,22906,129559
1980,1674589,1665479,6971,2139,1261074,846844,65846,59433,50589,30462,12883,138335,2715,53967,413515,7304,194483,157351,37132,226336,6614,11141,221809,33302,188507
1981,2290922,2278214,10359,2349,1755783,1233643,101244,70969,35387,48432,16482,162761,3096,83769,535139,16117,325119,226308,98811,226137,6279,127,232289,35007,197282
1982,2660647,2646597,11284,2766,2108018,1445179,111271,86065,32155,52114,17314,275773,3701,84446,552629,10791,344880,244134,100746,218540,16224,959,233805,50928,182877
1983,2899329,2885848,10575,2905,2226598,1329635,99509,103433,108326,60290,21034,350261,4025,150085,672730,11031,392575,287956,104619,291186,16941,948,307179,80898,226281
