# 제53호 15. 발전연료 소비량 추이 — 원본 이미지를 직접 읽어 옮김(석탄 t, 유류 kl, 발열량 kcal/kg·kcal/l, 발열량계 10^9 kcal). 괄호 안 타사 소비량은 제외
year,anth,acal,bitu,bcal,bc,hoth,heavy,hcal,diesel,dcal,naph,ncal,heat
1961,803124,4641,20680,6700,37382,-,37382,9493,746,9059,-,-,4254
1962,670738,4511,51288,6700,111347,4407,115754,9493,18102,9059,-,-,4632
1963,848456,4446,45276,6739,134400,13799,148199,9493,7465,9059,-,-,5552
1964,1134869,4530,20449,6716,152611,12632,165243,9493,8936,9059,-,-,6928
1965,1608778,4418,1722,6645,120380,7775,128155,9493,4656,9059,-,-,8378
1966,1464610,4157,-,-,339277,9977,349254,9493,5717,9059,-,-,9414
1967,1415674,4148,-,-,650663,26398,677061,9493,94726,9059,-,-,13307
1968,1347144,4401,-,-,833233,27762,860995,9493,251569,9059,23204,7871,16781
1969,1047887,4409,-,-,1231233,16665,1247898,9889,148686,9073,63582,7922,19400
1970,676142,4126,-,-,1844285,10237,1854522,9882,57981,9023,40141,7736,22312
1971,555061,3986,-,-,2196058,1950,2198008,9856,27915,9016,7218,7709,24248
1972,587090,4298,-,-,2445468,269,2445737,9838,17644,8976,-,-,26735
1973,969673,4234,-,-,3110646,435,3111081,9872,20241,9004,-,-,34884
1974,530712,3881,-,-,3590616,670,3591286,9862,66501,9018,-,-,38034
1975,834642,3776,-,-,4323381,3592,4326973,9841,54530,9015,6767,7605,45925
1976,1072211,3820,-,-,4909950,777,4910727,9848,60157,8999,12775,7622,53063
1977,1059692,3918,-,-,5733744,528,5734272,9864,240163,9016,11592,7621,62963
1978,717984,3749,-,-,6120060,3699,6123759,9869,678953,9019,-,-,69249
1979,898464,3921,-,-,6794607,5149,6799756,9869,390665,9011,-,-,74148
1980,1645075,4144,-,-,6822547,152361,6974908,9870,115443,9017,-,-,76698
1981,1721997,4080,-,-,7092164,416985,7509149,9861,77358,9014,-,-,81769
1982,1856603,3876,-,-,7424749,617647,8042396,9867,97366,9020,-,-,87427
1983,2077163,3734,545655,6203,6926560,599530,7526090,9876,106783,9047,-,-,86433
