# 제53호 20. 종별 계약용량 (kW, 연말) — 원본 이미지를 직접 읽어 옮김. lamps 는 가로등 등수(개)
year,lamps,str,small,large,agr,total
1961,21861,-,252906,349171,1893,603970
1962,35117,-,268194,410600,1712,680506
1963,37888,-,285821,502807,1653,790281
1964,42030,2489,315813,529124,3608,851034
1965,52897,3386,639646,299710,4715,947457
1966,58805,3898,724625,388367,3912,1120802
1967,67020,4860,831215,538125,4696,1378896
1968,66164,5404,945057,659880,5894,1616235
1969,66529,5678,1117126,869815,7554,2000173
1970,69759,6268,1304595,1025771,6756,2343390
1971,81074,7663,1537404,1053258,5201,2603526
1972,102366,8422,1653291,1321942,10942,2994597
1973,183650,11444,1946177,1735546,11941,3705108
1974,159962,11446,2488580,2285791,14985,4800802
1975,128550,9733,2808636,2682851,24804,5526024
1976,128705,11406,3152749,3193132,44385,6401672
1977,139961,11586,3487019,3713812,52847,7265264
1978,130227,9457,3963395,4507598,68366,8548816
1979,137464,12991,4639075,5551650,85422,10289138
1980,158655,16147,4882622,6012297,100732,11011798
1981,226841,17603,5026022,6295833,116161,11455619
1982,204392,21801,5072208,6686986,153402,11934397
1983,-,30464,5260758,7233926,203780,12728928
