# 제53호 18. 전력손실 추이 중 시뮬레이터에 쓰는 칸(송전단 A, 송변전 손실 D, 판매량 E, 배전 손실 C−E, 종합 손실 A−E)
year,A,D,E,CE,AE
1961,1683584,188330,1189386,305868,494198
1962,1890865,185587,1470100,235177,420764
1963,2133558,232273,1695620,205665,437938
1964,2551965,274545,2043413,234007,508522
1965,3049563,346572,2463687,239303,585875
1966,3672543,392340,3008472,271720,664060
1967,4671385,499794,3902907,268684,768478
1968,5743657,580291,4850423,312943,893233
1969,7348356,601464,6357800,389093,990557
1970,8779743,606501,7739941,433300,1039801
1971,10028273,584479,8883592,560202,1144681
1972,11207639,622294,9992345,592999,1215293
1973,13955724,843156,12366865,745703,1588859
1974,15911799,931804,14048051,931944,1863748
1975,18751727,1143567,16630354,977807,2121374
1976,21918897,1225107,19620296,1073494,2298601
1977,25171533,1304603,22833097,1033833,2338436
1978,29843603,1440374,27326327,1076903,2517277
1979,33668645,1493444,31144712,1030489,2523933
1980,35082857,1377284,32734418,971155,2348439
1981,37950201,1497037,35424455,1028709,2525746
1982,40554656,1618593,37879626,1056437,2675030
1983,45494797,1654124,42620384,1220288,2874412
