# 제53호 18. 전력손실 추이 (MWh, %) — 원본 이미지를 직접 읽어 옮김. A 송전단, B 154kV 공급단, C 66kV 수전단, D 송변전 손실, E 판매량
year,A,B,AB,ABr,C,BC,BCr,D,Dr,E,CE,CEr,AE,AEr
1961,1683584,1618009,65575,3.89,1495254,122755,7.29,188330,11.19,1189386,305868,18.17,494198,29.35
1962,1890865,1824148,66716,3.53,1705277,118871,6.28,185587,9.82,1470100,235177,12.44,420764,22.25
1963,2133558,2037401,96157,4.51,1901285,136116,6.38,232273,10.89,1695620,205665,9.64,437938,20.53
1964,2551965,2444179,107786,4.22,2277420,166759,6.54,274545,10.76,2043413,234007,9.17,508522,19.93
1965,3049563,2904350,145213,4.76,2702991,201359,6.60,346572,11.37,2463687,239303,7.85,585875,19.21
1966,3672543,3499763,172780,4.70,3280203,219560,5.98,392340,10.68,3008472,271720,7.40,664060,18.08
1967,4671385,4443810,227575,4.87,4171591,272219,5.83,499794,10.70,3902907,268684,5.75,768478,16.45
1968,5743657,5428987,314670,5.43,5163366,265621,4.62,580291,10.10,4850423,312943,5.45,893233,15.55
1969,7348356,7049509,298847,4.07,6746892,302617,4.12,601464,8.19,6357800,389093,5.29,990557,13.48
1970,8779743,8516513,263229,3.00,8173241,343272,3.91,606501,6.91,7739941,433300,4.93,1039801,11.84
1971,10028273,9764654,263620,2.63,9443795,320859,3.20,584479,5.83,8883592,560202,5.59,1144681,11.42
1972,11207639,10832169,375470,3.35,10585345,246824,2.20,622294,5.55,9992345,592999,5.29,1215293,10.84
1973,13955724,13501993,453731,3.25,13112567,389425,2.79,843156,6.04,12366865,745703,5.34,1588859,11.38
1974,15911799,15291216,620583,3.90,14979995,311221,1.96,931804,5.86,14048051,931944,5.86,1863748,11.71
1975,18751727,18002945,748783,3.99,17608161,394784,2.11,1143567,6.10,16630354,977807,5.21,2121374,11.31
1976,21918897,21018428,900669,4.11,20693990,324438,1.48,1225107,5.59,19620296,1073494,4.90,2298601,10.49
1977,25171533,24239046,932487,3.70,23866930,372116,1.48,1304603,5.18,22833097,1033833,4.11,2338436,9.29
1978,29843603,28775789,1067814,3.58,28403229,372560,1.25,1440374,4.83,27326327,1076903,3.61,2517277,8.43
1979,33668645,32486389,1182256,3.51,32175201,311188,0.92,1493444,4.44,31144712,1030489,3.06,2523933,7.50
1980,35082857,33968560,1114297,3.17,33705573,262987,0.75,1377284,3.92,32734418,971155,2.77,2348439,6.69
1981,37950201,36716896,1233305,3.25,36453163,263732,0.69,1497037,3.95,35424455,1028709,2.71,2525746,6.66
1982,40554656,39157676,1396980,3.44,38936063,221613,0.55,1618593,3.99,37879626,1056437,2.61,2675030,6.60
1983,45494797,44049135,1445662,3.18,43840673,208462,0.46,1654124,3.64,42620384,1220288,2.68,2874412,6.32
