# 제53호 24. 행정구역별 수용가수 (호, 연말) — 원본 이미지를 직접 읽어 옮김. 1961–62 부산은 경남, 1961–82 인천은 경기, 대구는 경북에 포함
year,서울,부산,인천,대구,경기,강원,충북,충남,전북,전남,경북,경남,제주,합계
1961,219134,-,-,-,65480,24626,30418,58205,58015,70043,103507,161063,6761,797252
1962,222822,-,-,-,85956,32496,32008,63239,59116,73074,113727,185950,7189,875577
1963,258696,105740,-,-,88383,34701,34289,68323,63390,78579,125217,94458,7877,959653
1964,300359,116832,-,-,98477,38501,35335,74336,71501,85839,135466,101868,9175,1069689
1965,338462,130956,-,-,118840,45340,41136,84464,78319,93452,148785,109285,9808,1198847
1966,364540,144007,-,-,136204,55339,44825,93694,87326,105837,167080,120459,11652,1330963
1967,398268,157666,-,-,166978,66793,53182,105149,100833,126107,189735,143522,17048,1525281
1968,444581,166669,-,-,174060,71308,55639,111498,104722,134578,201678,151326,20049,1636108
1969,479632,181740,-,-,190186,83165,59820,121811,111103,149063,219264,165296,23022,1784102
1970,521771,190370,-,-,230740,92965,68846,137531,127710,181910,250883,190987,30457,2025170
1971,572834,207374,-,-,287758,111735,82212,166663,146946,217588,303490,221912,37106,2355618
1972,616388,223545,-,-,301207,127554,92704,183778,166755,244180,344243,253890,42668,2596912
1973,637708,229363,-,-,370051,155131,120259,217075,193888,303774,422793,298294,50769,2999105
1974,683055,244137,-,-,426842,170863,150112,265358,228583,353331,496214,351827,57371,3427693
1975,719140,257379,-,-,486436,195010,182974,322863,278847,425924,587061,421476,61710,3938820
1976,759426,274052,-,-,530518,208968,195295,366390,295800,462488,630658,449872,63827,4237294
1977,795696,291613,-,-,573194,236356,218492,428571,337930,529344,691085,491496,65502,4659279
1978,850013,312773,-,-,607245,263315,230110,454099,354237,555519,726832,513447,67565,4935155
1979,899292,349487,-,-,678957,277089,237387,477612,364538,594207,768132,526392,70675,5243768
1980,950410,374936,-,-,716008,300929,242908,490625,370844,619252,796626,548843,73448,5484829
1981,990879,396744,-,-,763328,309535,248927,500068,383292,625017,825789,563483,75279,5682341
1982,1068990,425802,-,-,831866,320671,258265,520503,397197,642489,854507,586835,78021,5985146
1983,1145358,459405,183263,253744,738380,335166,267292,538115,413956,671407,634404,619256,81884,6341630
