# 제53호 25. 행정구역별 판매전력량 (MWh) — 원본 이미지를 직접 읽어 옮김. 1961–62 부산은 경남, 1961–82 인천은 경기, 대구는 경북에 포함
year,서울,부산,인천,대구,경기,강원,충북,충남,전북,전남,경북,경남,제주,합계
1961,384492,-,-,-,207248,116339,24490,61951,50630,50543,119169,173192,1332,1189386
1962,467004,-,-,-,241181,140259,28409,79403,66785,68210,132774,243846,2229,1470100
1963,570054,225681,-,-,250125,158112,30099,88878,72811,77199,153266,66735,2660,1695620
1964,643827,268222,-,-,271538,189263,111940,107251,79956,105185,186565,75839,3826,2043413
1965,770180,325488,-,-,319769,274582,121049,124604,89544,119501,226260,88284,4428,2463687
1966,918272,396266,-,-,415733,288036,206869,152210,102098,125652,281104,117288,4954,3008482
1967,1098815,501040,-,-,508779,399438,277359,167821,112755,134248,333087,363215,6350,3902907
1968,1277449,595758,-,-,576574,519529,309498,195388,139510,150079,381642,696917,8079,4850423
1969,1613997,744645,-,-,758161,714511,374429,240962,209287,238178,487540,964320,11770,6357800
1970,1945193,915917,-,-,1019935,774917,453509,273672,239452,266353,589862,1246957,14174,7739941
1971,2297208,1061783,-,-,1148299,858873,539649,303577,263692,312247,744703,1334367,19194,8883592
1972,2734680,1262652,-,-,1172865,909585,502226,369341,294253,361819,919312,1440730,24882,9992345
1973,3297692,1573612,-,-,1660880,1072563,613688,450471,336505,467585,1256834,1602042,34993,12366865
1974,3514829,1788866,-,-,2048874,1197778,707504,481126,396419,506142,1506597,1856406,43510,14048051
1975,4000750,2039237,-,-,2477745,1389462,889373,574297,463224,597181,1938622,2209584,50878,16630354
1976,4510810,2409698,-,-,3147760,1677819,1028511,737603,551282,700042,2394472,2406878,55421,19620296
1977,5003061,2732520,-,-,3767215,1810367,1261519,896051,679738,899774,2975510,2742481,64861,22833097
1978,5863221,3118029,-,-,4540675,2023935,1329381,1160644,799551,1086271,3714858,3608246,81516,27326327
1979,6270215,3360577,-,-,5336675,2248380,1397391,1459607,916500,1406925,4448685,4198600,101157,31144712
1980,5979667,3320943,-,-,5649543,2429026,1246558,1532001,1058983,1818685,4955391,4634078,108543,32734418
1981,6492486,3323730,-,-,6210420,2543706,1287083,1649261,1137600,2038246,5510444,5106745,124734,35424455
1982,6962896,3535896,-,-,6777839,2795600,1429295,1835226,1222122,2178572,5774649,5227192,140339,37879626
1983,7859263,3990744,2787713,2386400,5251406,3024738,1645727,2046659,1343885,2568679,3740059,5811537,163574,42620384
